{"avg BLEU score": 4.01625453273894, "avg ROUGE-1 score": 0.2041047873256811, "avg ROUGE-2 score": 0.039575256262487465, "avg ROUGE-L score": 0.13780739536039324, "avg METEOR score": 0.14456459283733716, "avg BERTScore": 0.17499612640834655}