{"avg BLEU score": 2.0425813575909553, "avg ROUGE-1 score": 0.115270778686894, "avg ROUGE-2 score": 0.009349645533323497, "avg ROUGE-L score": 0.08124912989374493, "avg METEOR score": 0.08566633383860178, "avg BERTScore": 0.8379216889636151}