{"avg BLEU score": 2.99850225741651, "avg ROUGE-1 score": 0.11882270233270724, "avg ROUGE-2 score": 0.014570319142071417, "avg ROUGE-L score": 0.08533718527919504, "avg METEOR score": 0.07552438799020404, "avg BERTScore": 0.831393174288243}