{"avg BLEU score": 3.8523148837423404, "avg ROUGE-1 score": 0.17537678706285817, "avg ROUGE-2 score": 0.03708930498310943, "avg ROUGE-L score": 0.1266120431371422, "avg METEOR score": 0.1161630276004935, "avg BERTScore": 0.8534254003513745}