{"avg BLEU score": 3.997813463687714, "avg ROUGE-1 score": 0.20451583912733795, "avg ROUGE-2 score": 0.038438798440866964, "avg ROUGE-L score": 0.1353538536943476, "avg METEOR score": 0.14149222148628132, "avg BERTScore": 0.8599240649976518}