{"avg BLEU score": 11.158507958251487, "avg ROUGE-1 score": 0.27874278230890204, "avg ROUGE-2 score": 0.11711995357850469, "avg ROUGE-L score": 0.20929265018787047, "avg METEOR score": 0.23838397693590285, "avg BERTScore": 0.2793714802578274}