{"avg BLEU score": 4.405539404695763, "avg ROUGE-1 score": 0.20462971360197033, "avg ROUGE-2 score": 0.039204348970993196, "avg ROUGE-L score": 0.13599793588949535, "avg METEOR score": 0.13246475305101862, "avg BERTScore": 0.14688307593584804}