{"avg BLEU score": 10.379312728990866, "avg ROUGE-1 score": 0.26118030040215445, "avg ROUGE-2 score": 0.10734053948956689, "avg ROUGE-L score": 0.20109413211608462, "avg METEOR score": 0.2062933950789554, "avg BERTScore": 0.8695212133020421}