{"avg BLEU score": 10.603079900044456, "avg ROUGE-1 score": 0.26501479519091836, "avg ROUGE-2 score": 0.11092060257907073, "avg ROUGE-L score": 0.2016427504817726, "avg METEOR score": 0.2208435260566237, "avg BERTScore": 0.8746028332149282}