{"avg BLEU score": 1.685285398535018, "avg ROUGE-1 score": 0.11718720625164139, "avg ROUGE-2 score": 0.01507591940975268, "avg ROUGE-L score": 0.08726473859981156, "avg METEOR score": 0.0942802271924874, "avg BERTScore": 0.827906138584262}