{"avg BLEU score": 0.10846820001698114, "avg ROUGE-1 score": 0.28050746833310797, "avg ROUGE-2 score": 0.11616336216737808, "avg ROUGE-L score": 0.2085866037008558, "avg METEOR score": 0.23133211152568608, "avg BERTScore": 0.8770914414004857, "avg BLEU score no SAN": 0.07966922757097158, "avg ROUGE-1 score no SAN": 0.277784110470764, "avg ROUGE-2 score no SAN": 0.1136192420211578, "avg ROUGE-L score no SAN": 0.21165112635607494, "avg METEOR score no SAN": 0.2447689821029086, "avg BERTScore no SAN": 0.8701763490471799}