{"avg BLEU score": 3.3236005277446123, "avg ROUGE-1 score": 0.1639898776358, "avg ROUGE-2 score": 0.03213467735849842, "avg ROUGE-L score": 0.12526065052496946, "avg METEOR score": 0.12500880981854254, "avg BERTScore": 0.841504753900471}