{"avg BLEU score": 6.714118664688461, "avg ROUGE-1 score": 0.1939845375152613, "avg ROUGE-2 score": 0.0616402066837326, "avg ROUGE-L score": 0.1424099969970921, "avg METEOR score": 0.11852256416246545, "avg BERTScore": 0.11553592955766123}