{"avg BLEU score": 10.846820001698115, "avg ROUGE-1 score": 0.28050746833310797, "avg ROUGE-2 score": 0.11616336216737808, "avg ROUGE-L score": 0.2085866037008558, "avg METEOR score": 0.23133211152568608, "avg BERTScore": 0.8770914414004857}