{"avg BLEU score": 9.66530493844375, "avg ROUGE-1 score": 0.2559509723980054, "avg ROUGE-2 score": 0.09837245976031475, "avg ROUGE-L score": 0.19283418373689493, "avg METEOR score": 0.22625961829467492, "avg BERTScore": 0.8718211116878138}