{"avg BLEU score": 0.03997813463687713, "avg ROUGE-1 score": 0.20451583912733795, "avg ROUGE-2 score": 0.038438798440866964, "avg ROUGE-L score": 0.1353538536943476, "avg METEOR score": 0.14149222148628132, "avg BERTScore": 0.8599240649976518, "avg BLEU score no SAN": 0.027707723502683843, "avg ROUGE-1 score no SAN": 0.20416560982518758, "avg ROUGE-2 score no SAN": 0.038206656670829515, "avg ROUGE-L score no SAN": 0.1393489921982316, "avg METEOR score no SAN": 0.15218013077791026, "avg BERTScore no SAN": 0.8566441918752923}