{"avg BLEU score": 9.590809408983286, "avg ROUGE-1 score": 0.25376962498372974, "avg ROUGE-2 score": 0.09608333635116392, "avg ROUGE-L score": 0.1912633916235716, "avg METEOR score": 0.22312801297955304, "avg BERTScore": 0.8719723355114862}