{"avg BLEU score": 6.7630289016607215, "avg ROUGE-1 score": 0.21473690181327487, "avg ROUGE-2 score": 0.060233730689689326, "avg ROUGE-L score": 0.15025240840635254, "avg METEOR score": 0.1525317719714069, "avg BERTScore": 0.18469901223859608}