{"avg BLEU score": 10.53147699134231, "avg ROUGE-1 score": 0.27681425870012116, "avg ROUGE-2 score": 0.11295127342048779, "avg ROUGE-L score": 0.20859467757155306, "avg METEOR score": 0.22713705614951923, "avg BERTScore": 0.8763643983130055}